id_sesion,rol,texto,emocion
S043,familia,Hoy las emociones estuvo pesado; contenta.,alegría
S132,familia,"siento que, me cansa el descanso, pero sigo; calma.",esperanza
S020,familia,Hoy la escuela estuvo pesado; serena.,calma
S157,docente,"pues, siento un nudo por la atencion; me preocupa.",tristeza
S149,familia,Siento un nudo por el descanso; me frustra. y enojo,frustración
S029,familia,"o sea, siento que con la comunicación voy lento; en paz.",calma
S116,docente,"tal vez, con la rutina me siento contenta y calma. y respiro ",calma
S062,docente,"la verdad, estoy intentando con la comunicación y llorar.",tristeza
S120,familia,Siento un nudo por la escuela; esperanza. 😓,esperanza
S107,docente,"o sea, estoy intentando con la comunicación y ansiedad. y miedo",ansiedad
S026,familia,"o sea, con la escuela me siento desanimada y en paz.",calma
S078,familia,"como que, siento que con los cambios voy lento; confianza.",esperanza
S108,familia,"pues, hoy la tarea estuvo pesado; confianza.",esperanza
S054,familia,"mmm, siento que con la rutina voy lento; respiro.",calma
S042,familia,"o sea, noo se como manejar el descanso; me duele. y me pone triste",tristeza
S054,familia,"la verdad, hoy el descanso estuvo pesado; ánimo. y confianza",esperanza
S086,familia,"en fin, siento un nudo por la tarea; me pone triste. y me pone triste",tristeza
S065,familia,No sé cómo manejar la evaluación; ansiedad. 😓,ansiedad
S046,docente,"mmm, a ratos estoy contenta; ansiedad. y me preocupa ",ansiedad
S014,docente,"no sé, me cansa la conducta, pero sigo; salida.",esperanza
S114,familia,Estoy intentando con las emociones y nervios. y miedo,ansiedad
S071,docente,"a veces, siento un nudo por la escuela; me acelero.",ansiedad
S057,familia,"siento que, quisiera entender el descanso para estar mejor; me irrita. y enojo",frustración
S084,familia,"mmm, quisiera entender las emociones para estar mejor; esperanza.",esperanza
S079,docente,Siento q con las emociones voy lento; alegría. 😓,alegría
S078,familia,"noo sé, siento q con la atención voy lento; me acelero. 🙂",ansiedad
S149,familia,"no sé, a ratos estoy estresada; va a mejorar.",esperanza
S024,familia,"Me cansa la atención, pero sigo; calma.",calma
S111,docente,Siento un nudo por la tarea; desespero. ,frustración
S105,docente,"o sea, no se como manejar la escuela; me acelero.",ansiedad
S119,familia,"tal vez, no se como manejar las emociones; me duele.",tristeza
S068,familia,"o sea, no se como manejar la rutina; me duele.",tristeza
S145,familia,"en fin, hoy la rutina estuvo pesado; me frustra.",frustración
S116,familia,"la verdad, no se como manejar la escuela; salida.",esperanza
S125,familia,Siento que con el descanso voy lento; alegria.,alegría
S058,docente,"pues, me cansa la evaluación, pero sigo; respiro. y calma",calma
S019,familia,"a veces, me cansa la atención, pero sigo; serena. y serena",calma
S100,familia,"a veces, quisiera entender la comunicación para estar mejor; frustración.",frustración
S001,docente,"pues, siento un nudo por la tarea; en paz.",calma
S024,familia,"siento que, a ratos estoy contenta; me pone triste.",tristeza
S076,docente,Estoy intentando con el descanso y salida.,esperanza
S129,familia,A ratos estoy desanimada; miedo. y nervios,ansiedad
S034,familia,"en fin, a ratos estoy contenta; ilusión. y contenta",alegría
S132,familia,"a veces, quisiera entender el descanso para estar mejor; ansiedad.",tristeza
S143,familia,No se como manejar la escuela; me duele.,tristeza
S117,familia,Hoy los cambios estuvo pesado; vacío.,tristeza
S085,familia,"a veces, a ratos estoy serena; confianza. ",esperanza
S143,familia,Con los cambios me siento desanimada y me preocupa.,ansiedad
S051,familia,"siento que, no sé cómo manejar la tarea; nervios.",ansiedad
S081,docente,"pues, siento un nudo por la atencion; salida.",esperanza
S052,familia,"a veces, hoy la comunicación estuvo pesado; me duele. y me duele",tristeza
S011,familia,"no se, estoy intentando con el descanso y nervios.",ansiedad
S102,familia,"tal vez, quisiera entender las emociones para estar mejor; salida.",esperanza
S080,familia,"como q, hoy las emociones estuvo pesado; tristeza. 😓",tristeza
S135,docente,"Me cansa la escuela, pero sigo; nervios. y me acelero",ansiedad
S112,docente,Quisiera entender la comunicación para estar mejor; confianza. ,esperanza
S119,docente,"en fin, estoy intentando con la tarea y ilusión. y contenta 🙂",alegría
S049,familia,Quisiera entender la tarea para estar mejor; frustración. y enojo,frustración
S045,docente,A ratos estoy con esperanza; esperanza. y ánimo 😔,esperanza
S112,familia,Quisiera entender las emociones para estar mejor; me duele. 😓,tristeza
S113,familia,"siento que, quisiera entender la conducta para estar mejor; animo. y animo 🥲",esperanza
S093,familia,Siento q con la escuela voy lento; me pone triste.,tristeza
S127,familia,No se como manejar la rutina; me preocupa.,ansiedad
S092,docente,"en fin, siento un nudo por la escuela; tranquila.",calma
S057,familia,Quisiera entender la atención para estar mejor; miedo.,ansiedad
S052,familia,Hoy la rutina estuvo pesado; me preocupa.,tristeza
S126,docente,"tal vez, me cansa la rutina, pero sigo; ansiedad.",ansiedad
S158,docente,No sé cómo manejar la escuela; desespero. y me frustra,frustración
S076,docente,"pues, no se como manejar las emociones; alegria. 😮‍💨",alegría
S090,docente,"no sé, a ratos estoy estresada; miedo.",ansiedad
S155,docente,"pues, siento que con la conducta voy lento; contenta. y contenta",alegría
S116,familia,"tal vez, siento que con la conducta voy lento; va a mejorar. 😮‍💨",esperanza
S056,familia,Estoy intentando con las emociones y me preocupa. y me preocupa,ansiedad
S088,docente,No se como manejar la atencion; va a mejorar.,esperanza
S004,docente,"la verdad, estoy intentando con la atención y ilusión.",alegría
S018,familia,"noo sé, no sé cómo manejar la comunicación; serena. y calma",calma
S103,familia,"mmm, noo sé cómo manejar la atención; me frustra.",tristeza
S039,familia,Siento un nudo por la comunicación; salida. ,esperanza
S156,docente,"siento q, siento un nudo por las emociones; me preocupa.",ansiedad
S037,docente,Quisiera entender las emociones para estar mejor; respiro. y calma 🙂,calma
S044,familia,"no sé, hoy la atención estuvo pesado; en paz. 😓",calma
S030,familia,"a veces, a ratos estoy desanimada; tranquila. y respiro",calma
S141,familia,"como que, no sé cómo manejar las emociones; confianza.",esperanza
S039,docente,Estoy intentando con la tarea y alegría.,alegría
S097,familia,No se como manejar la rutina; me emociona.,alegría
S078,docente,"pues, a ratos estoy contenta; me acelero. 😮‍💨",ansiedad
S158,familia,Estoy intentando con la comunicación y me pone triste.,tristeza
S134,familia,"como que, siento que con la escuela voy lento; me preocupa.",ansiedad
S100,familia,"a veces, quisiera entender la tarea para estar mejor; frustracion. y me irrita",frustración
S122,docente,"en fin, con la comunicacion me siento agotada y enojo.",frustración
S042,familia,"la verdad, siento un nudo por la conducta; me preocupa.",ansiedad
S143,familia,"en fin, estoy intentando con los cambios y enojo.",frustración
S131,docente,"pues, hoy la escuela estuvo pesado; va a mejorar.",esperanza
S094,docente,Siento un nudo por la conducta; me pone triste. 😔,tristeza
S087,familia,Con la comunicacion me siento desanimada y ansiedad. y nervios,ansiedad
S018,familia,"no se, a ratos estoy desanimada; tristeza.",tristeza
S090,familia,No sé cómo manejar la rutina; confianza. y ánimo 😓,esperanza
S078,familia,"en fin, no se como manejar la escuela; contenta.",alegría
S118,docente,"no sé, no sé cómo manejar el descanso; esperanza.",esperanza
S068,docente,Hoy la evaluación estuvo pesado; enojo. y me irrita,frustración
S030,familia,Con la tarea me siento desanimada y salida. ,esperanza
S128,familia,"como que, a ratos estoy estresada; serena.",calma
S084,docente,"Me cansa la conducta, pero sigo; frustración.",frustración
S090,familia,"en fin, quisiera entender las emociones para estar mejor; tristeza. y tristeza",tristeza
S160,docente,Siento un nudo por la comunicación; me preocupa. y me preocupa,ansiedad
S122,familia,"en fin, quisiera entender la tarea para estar mejor; miedo. y miedo 😮‍💨",ansiedad
S023,familia,"tal vez, con la conducta me siento desanimada y ánimo.",esperanza
S084,familia,"como que, quisiera entender el descanso para estar mejor; me pone triste. ",tristeza
S080,familia,"mmm, no sé cómo manejar los cambios; serena. y calma 😮‍💨",calma
S147,familia,"la verdad, siento un nudo por la tarea; contenta.",alegría
S013,docente,A ratos estoy serena; calma. y respiro,calma
S057,familia,"o sea, no sé cómo manejar la tarea; calma. y tranquila",calma
S124,familia,"pues, quisiera entender la comunicación para estar mejor; me frustra. 🙂",frustración
S096,familia,No se como manejar los cambios; serena. y serena ,calma
S153,familia,"mmm, con los cambios me siento confundida y miedo. y ansiedad 😮‍💨",ansiedad
S100,docente,"la verdad, hoy la comunicacion estuvo pesado; me duele. y me pone triste",tristeza
S013,familia,"mmm, estoy intentando con el descanso y llorar.",tristeza
S110,familia,"en fin, no se como manejar el descanso; me frustra. y me frustra 🥲",frustración
S125,docente,"Me cansa las emociones, pero sigo; me frustra. y enojo",frustración
S016,familia,"o sea, hoy el descanso estuvo pesado; tranquila. 😓",calma
S010,docente,"mmm, hoy las emociones estuvo pesado; me irrita. y me irrita",ansiedad
S072,familia,Siento un nudo por las emociones; enojo.,frustración
S118,familia,"o sea, siento q con la evaluacion voy lento; llorar. ",tristeza
S059,familia,"pues, con la evaluación me siento confundida y salida. y confianza",esperanza
S073,familia,"no se, no se como manejar la tarea; enojo. y me frustra ",frustración
S022,familia,"en fin, siento un nudo por la comunicación; ánimo. y salida",esperanza
S046,familia,Siento que con los cambios voy lento; calma. y serena,calma
S147,familia,"la verdad, no sé cómo manejar la conducta; esperanza. 🙂",esperanza
S084,familia,Hoy la rutina estuvo pesado; vacío. y llorar,tristeza
S104,familia,"mmm, con las emociones me siento tensa y me frustra. y enojo",frustración
S068,familia,"en fin, siento que con la escuela voy lento; me pone triste. y vacío",tristeza
S109,familia,"a veces, estoy intentando con la tarea y frustracion.",frustración
S007,familia,"mmm, estoy intentando con el descanso y me pone triste. y me duele",tristeza
S147,familia,Con la atencion me siento inquieta y va a mejorar.,esperanza
S091,familia,"tal vez, con la evaluacion me siento contenta y me frustra.",frustración
S053,familia,"como que, estoy intentando con las emociones y frustracion. y me irrita",frustración
S077,docente,"o sea, quisiera entender la tarea para estar mejor; calma.",calma
S085,familia,A ratos estoy estresada; vacio.,tristeza
S126,familia,Hoy la comunicación estuvo pesado; me pone triste.,tristeza
S151,docente,"pues, hoy la atención estuvo pesado; contenta.",alegría
S030,familia,"en fin, quisiera entender la atencion para estar mejor; respiro.",calma
S006,docente,"no sé, quisiera entender la escuela para estar mejor; alegría.",alegría
S086,familia,Estoy intentando con el descanso y salida.,esperanza
S090,familia,"tal vez, quisiera entender la conducta para estar mejor; ánimo. y esperanza 😮‍💨",esperanza
S053,familia,"como que, siento que con las emociones voy lento; tristeza. 😮‍💨",tristeza
S145,familia,"pues, quisiera entender la tarea para estar mejor; esperanza. 🙂",esperanza
S160,familia,"tal vez, hoy las emociones estuvo pesado; frustracion.",frustración
S076,familia,"pues, siento un nudo por los cambios; miedo. 😮‍💨",ansiedad
S048,familia,"pues, siento un nudo por los cambios; serena. y serena 😮‍💨",calma
S143,familia,"o sea, a ratos estoy confundida; feliz. 😔",esperanza
S089,docente,"en fin, siento un nudo por los cambios; enojo.",frustración
S156,familia,"tal vez, no sé cómo manejar la atención; me irrita. 😔",frustración
S038,familia,Con la atención me siento estresada y tranquila.,calma
S140,familia,"noo se, estoy intentando con la evaluacion y llorar. y llorar 😔",tristeza
S102,familia,"siento q, me cansa los cambios, pero sigo; tranquila. y respiro 🙂",calma
S157,docente,"a veces, siento un nudo por la comunicación; ilusión. y alegría",alegría
S148,docente,Estoy intentando con la rutina y me irrita.,tristeza
S146,familia,Hoy la conducta estuvo pesado; enojo. y me frustra,frustración
S058,docente,"o sea, quisiera entender la comunicacion para estar mejor; confianza.",esperanza
S070,familia,"Me cansa la conducta, pero sigo; esperanza. y salida ",esperanza
S152,docente,"mmm, siento que con la escuela voy lento; frustracion.",frustración
S151,familia,"a veces, a ratos estoy estresada; frustración. y frustración 🥲",frustración
S038,familia,Siento un nudo por la rutina; confianza.,esperanza
S104,familia,Siento un nudo por la escuela; me acelero. y miedo,ansiedad
S077,familia,"en fin, me cansa la conducta, pero sigo; me acelero.",ansiedad
S118,familia,"mmm, siento que con la evaluación voy lento; confianza. 😓",esperanza
S034,familia,"no sé, me cansa las emociones, pero sigo; en paz.",calma
S130,docente,Hoy la rutina estuvo pesado; llorar. ,tristeza
S131,familia,"como que, hoy los cambios estuvo pesado; va a mejorar. ",esperanza
S006,familia,Siento que con la tarea voy lento; calma. y en paz,calma
S017,familia,Con las emociones me siento con esperanza y enojo. y me irrita ,frustración
S099,docente,"en fin, con la escuela me siento estresada y me frustra.",frustración
S137,familia,A ratos estoy con esperanza; me frustra. 😔,frustración
S116,docente,A ratos estoy confundida; confianza.,esperanza
S108,familia,Estoy intentando con la conducta y animo.,esperanza
S075,docente,"siento que, hoy los cambios estuvo pesado; confianza.",esperanza
S148,docente,"siento q, me cansa el descanso, pero sigo; me preocupa.",ansiedad
S022,familia,A ratos estoy tensa; va a mejorar.,esperanza
S145,familia,"en fin, hoy la tarea estuvo pesado; miedo. 😮‍💨",ansiedad
S086,docente,Hoy las emociones estuvo pesado; respiro. y serena 🥲,calma
S059,familia,"tal vez, siento un nudo por los cambios; me emociona.",esperanza
S001,familia,"como que, no sé cómo manejar la escuela; va a mejorar.",esperanza
S134,familia,"tal vez, a ratos estoy agotada; contenta. y alegría",alegría
S046,familia,"mmm, noo sé cómo manejar el descanso; miedo. ",ansiedad
S068,familia,"como que, me cansa la evaluación, pero sigo; ilusión. y feliz",esperanza
S060,familia,"siento que, siento un nudo por la conducta; frustración. y desespero",frustración
S149,docente,"mmm, noo se como manejar la comunicacion; nervios. 😮‍💨",ansiedad
S109,familia,"como que, hoy la atención estuvo pesado; contenta. y feliz 😔",alegría
S004,familia,Siento un nudo por el descanso; llorar. 😔,tristeza
S074,familia,"en fin, quisiera entender los cambios para estar mejor; confianza. 🙂",esperanza
S022,familia,"pues, noo sé cómo manejar los cambios; tristeza.",tristeza
S111,docente,Con la evaluacion me siento desanimada y feliz.,alegría
S081,familia,"a veces, a ratos estoy tensa; vacio.",tristeza
S047,familia,A ratos estoy estresada; animo. y confianza,esperanza
S107,docente,"tal vez, a ratos estoy inquieta; me acelero.",ansiedad
S133,familia,"noo sé, con los cambios me siento confundida y frustración. ",frustración
S057,familia,"pues, no se como manejar la atencion; esperanza.",esperanza
S140,familia,Quisiera entender los cambios para estar mejor; me preocupa. y me preocupa ,ansiedad
S158,familia,Siento que con la tarea voy lento; alegría.,alegría
S072,docente,"Me cansa la escuela, pero sigo; feliz. y contenta",alegría
S142,familia,No se como manejar la atencion; nervios.,ansiedad
S101,docente,"mmm, hoy las emociones estuvo pesado; serena.",calma
S126,familia,Estoy intentando con la rutina y me irrita. y me frustra,frustración
S141,docente,Estoy intentando con la escuela y respiro. y en paz,calma
S116,familia,"a veces, con las emociones me siento con esperanza y ánimo. y salida",esperanza
S122,familia,Con la conducta me siento serena y me preocupa.,tristeza
S007,familia,"o sea, a ratos estoy desanimada; me frustra.",frustración
S058,familia,"la verdad, me cansa las emociones, pero sigo; respiro. y serena",calma
S017,familia,"a veces, con la rutina me siento estresada y frustracion.",frustración
S034,docente,Quisiera entender el descanso para estar mejor; frustración.,frustración
S051,familia,No se como manejar las emociones; me pone triste.,tristeza
S121,docente,Quisiera entender la tarea para estar mejor; me duele. y me pone triste,tristeza
S027,familia,"o sea, me cansa la comunicación, pero sigo; frustración.",frustración
S136,familia,Con la rutina me siento tensa y ánimo. 🙂,esperanza
S072,docente,"a veces, me cansa la atención, pero sigo; me frustra.",frustración
S040,familia,"no sé, con el descanso me siento estresada y me irrita.",ansiedad
S048,familia,"o sea, con los cambios me siento inquieta y me frustra.",frustración
S160,familia,"tal vez, siento q con la rutina voy lento; ansiedad. y ansiedad",ansiedad
S129,familia,No sé cómo manejar la evaluación; esperanza.,esperanza
S148,familia,"como q, con la rutina me siento inquieta y me acelero. ",ansiedad
S148,familia,"mmm, a ratos estoy tranquila; me irrita. y me frustra",frustración
S156,familia,A ratos estoy tensa; me acelero. y me preocupa,ansiedad
S120,docente,Con los cambios me siento agotada y ansiedad. y nervios ,ansiedad
S097,familia,Con la tarea me siento estresada y ánimo.,esperanza
S083,familia,"en fin, noo sé cómo manejar la tarea; contenta.",alegría
S153,familia,"tal vez, quisiera entender los cambios para estar mejor; salida.",esperanza
S020,familia,"como que, siento un nudo por el descanso; desespero. y me frustra 😮‍💨",frustración
S009,docente,Siento un nudo por las emociones; me acelero.,ansiedad
S035,familia,"pues, no sé cómo manejar la rutina; ansiedad. 😓",ansiedad
S033,familia,Estoy intentando con la evaluación y tranquila.,calma
S039,familia,"a veces, me cansa la tarea, pero sigo; salida.",calma
S029,familia,"a veces, hoy el descanso estuvo pesado; esperanza.",esperanza
S137,familia,A ratos estoy estresada; alegría. y contenta,alegría
S100,familia,"como que, hoy la comunicacion estuvo pesado; me pone triste. y me duele",tristeza
S114,familia,"en fin, a ratos estoy estresada; tranquila. 😮‍💨",calma
S096,familia,"Me cansa la tarea, pero sigo; ilusion. y feliz",alegría
S086,familia,"siento que, quisiera entender los cambios para estar mejor; nervios. y me preocupa",ansiedad
S046,familia,"a veces, estoy intentando con la evaluación y llorar. 😔",tristeza
S154,familia,Hoy los cambios estuvo pesado; en paz.,calma
S151,familia,Con la rutina me siento desanimada y calma.,calma
S097,familia,"pues, no se como manejar la escuela; miedo.",ansiedad
S024,familia,"pues, me cansa las emociones, pero sigo; feliz.",alegría
S072,familia,"no sé, quisiera entender la escuela para estar mejor; confianza.",esperanza
S069,docente,"mmm, con los cambios me siento inquieta y ánimo.",esperanza
S087,familia,"como que, no sé cómo manejar el descanso; salida.",esperanza
S031,docente,Siento q con la rutina voy lento; respiro. 😓,calma
S102,familia,"no sé, estoy intentando con la escuela y respiro. ",calma
S025,docente,"como que, a ratos estoy tranquila; calma. y serena",calma
S124,familia,"como que, hoy la escuela estuvo pesado; me pone triste. y tristeza",tristeza
S062,familia,"siento que, hoy la conducta estuvo pesado; llorar.",tristeza
S103,familia,Quisiera entender la rutina para estar mejor; me acelero. 😔,ansiedad
S130,familia,"pues, a ratos estoy confundida; nervios.",ansiedad
S078,familia,Hoy las emociones estuvo pesado; me frustra. y me frustra,frustración
S043,familia,Siento que con la evaluacion voy lento; va a mejorar.,esperanza
S047,familia,"la verdad, hoy la rutina estuvo pesado; me frustra. y me frustra",frustración
S050,docente,"Me cansa las emociones, pero sigo; me emociona. 😮‍💨",alegría
S079,docente,"mmm, siento que con la atencion voy lento; me preocupa.",ansiedad
S106,familia,A ratos estoy estresada; llorar. y vacío,tristeza
S040,familia,Hoy la atención estuvo pesado; me pone triste. 😮‍💨,tristeza
S029,familia,"la verdad, quisiera entender la escuela para estar mejor; me emociona. ",esperanza
S038,docente,No sé cómo manejar la tarea; me preocupa.,ansiedad
S073,familia,Siento q con la rutina voy lento; respiro.,calma
S063,familia,"siento que, me cansa la rutina, pero sigo; calma.",calma
S074,docente,Estoy intentando con la evaluación y feliz. y feliz,alegría
S078,familia,"no se, siento un nudo por la atencion; nervios. y miedo",ansiedad
S069,familia,A ratos estoy estresada; calma. y calma 🙂,calma
S094,familia,"pues, no sé cómo manejar la atención; calma. y calma",calma
S097,docente,"Me cansa los cambios, pero sigo; me preocupa. y ansiedad",ansiedad
S081,docente,Con la rutina me siento agotada y va a mejorar.,esperanza
S097,familia,"la verdad, quisiera entender el descanso para estar mejor; me duele. 🥲",tristeza
S008,docente,Hoy la conducta estuvo pesado; va a mejorar.,esperanza
S030,familia,Siento un nudo por la atencion; me duele. y tristeza,tristeza
S042,familia,Hoy la evaluación estuvo pesado; enojo.,frustración
S006,familia,Hoy la conducta estuvo pesado; nervios. 🥲,ansiedad
S117,familia,Quisiera entender las emociones para estar mejor; frustración. y desespero,frustración
S085,docente,"en fin, siento un nudo por la conducta; miedo.",ansiedad
S143,familia,"mmm, siento un nudo por la evaluación; ansiedad.",ansiedad
S144,familia,Hoy la atención estuvo pesado; esperanza.,esperanza
S145,docente,"mmm, me cansa la tarea, pero sigo; me preocupa. y me acelero 🙂",ansiedad
S064,familia,Siento un nudo por la conducta; desespero. y desespero,frustración
S018,docente,Hoy la rutina estuvo pesado; nervios.,ansiedad
S024,familia,"o sea, no sé cómo manejar el descanso; enojo. y enojo",frustración
S073,familia,"como que, quisiera entender las emociones para estar mejor; me frustra.",frustración
S081,familia,"o sea, estoy intentando con la tarea y ansiedad.",ansiedad
S091,familia,"tal vez, estoy intentando con la conducta y tranquila. y tranquila 😓",calma
S047,familia,Quisiera entender la atención para estar mejor; frustración.,frustración
S020,familia,Estoy intentando con la rutina y enojo. 😔,frustración
S087,familia,"mmm, estoy intentando con la escuela y tristeza. y me duele",tristeza
S136,familia,"pues, a ratos estoy agotada; va a mejorar. y salida ",esperanza
S072,familia,"tal vez, no sé cómo manejar la rutina; salida.",esperanza
S021,familia,"a veces, no se como manejar los cambios; feliz. ",alegría
S154,familia,Siento un nudo por la rutina; tristeza. y me duele,tristeza
S100,familia,"pues, hoy la rutina estuvo pesado; llorar.",frustración
S080,familia,"la verdad, siento un nudo por la comunicación; llorar.",tristeza
S111,familia,"tal vez, estoy intentando con la tarea y me acelero.",ansiedad
S108,familia,"Me cansa las emociones, pero sigo; me irrita. 🙂",frustración
S152,familia,Siento que con la rutina voy lento; desespero. ,frustración
S115,docente,"a veces, quisiera entender las emociones para estar mejor; ánimo. y confianza",esperanza
S032,familia,"Me cansa la tarea, pero sigo; tristeza. 🙂",tristeza
S127,docente,"como que, me cansa la evaluación, pero sigo; serena.",calma
S103,familia,"siento que, con la evaluación me siento contenta y me irrita. y me irrita",frustración
S157,familia,No se como manejar el descanso; confianza. y esperanza,esperanza
S070,familia,A ratos estoy inquieta; contenta. 😮‍💨,alegría
S032,familia,"a veces, con las emociones me siento confundida y me irrita. y frustración",frustración
S011,familia,"siento que, estoy intentando con las emociones y ansiedad. y miedo",frustración
S097,familia,"pues, siento un nudo por la escuela; tristeza. y me pone triste",tristeza
S144,familia,"como que, quisiera entender la escuela para estar mejor; salida.",esperanza
S153,familia,"pues, me cansa la tarea, pero sigo; tristeza. y me duele",tristeza
S040,familia,Siento que con la atencion voy lento; me irrita.,tristeza
S157,familia,Siento q con la evaluación voy lento; miedo. y ansiedad,ansiedad
S112,familia,"mmm, quisiera entender la evaluación para estar mejor; calma.",calma
S159,familia,"mmm, con la rutina me siento serena y desespero. y enojo",frustración
S026,familia,"siento q, con la escuela me siento tranquila y vacío.",tristeza
S001,docente,"o sea, a ratos estoy confundida; calma.",calma
S053,familia,Siento que con los cambios voy lento; enojo. y frustración,frustración
S158,familia,"a veces, no sé cómo manejar el descanso; me irrita. ",frustración
S107,docente,"a veces, a ratos estoy serena; ánimo.",esperanza
S017,familia,Siento un nudo por el descanso; ilusión. y ilusión,alegría
S143,familia,"tal vez, me cansa los cambios, pero sigo; calma. y en paz",calma
S040,familia,Con la rutina me siento inquieta y salida. 🙂,esperanza
S158,familia,"Me cansa la conducta, pero sigo; respiro. ",calma
S103,familia,"siento que, no sé cómo manejar la evaluación; me acelero.",ansiedad
S103,familia,A ratos estoy tensa; feliz.,alegría
S036,familia,"pues, estoy intentando con el descanso y alegria.",alegría
S143,familia,"la verdad, a ratos estoy tensa; me pone triste. 😮‍💨",tristeza
S123,familia,"o sea, siento un nudo por la conducta; desespero.",frustración
S077,familia,"la verdad, hoy la conducta estuvo pesado; contenta. y feliz",alegría
S120,familia,"Me cansa el descanso, pero sigo; frustración.",frustración
S080,familia,"tal vez, estoy intentando con la tarea y ansiedad. y nervios 😮‍💨",ansiedad
S063,familia,Estoy intentando con la rutina y salida. y salida,esperanza
S088,docente,"la verdad, hoy la conducta estuvo pesado; desespero.",frustración
S037,familia,"siento que, a ratos estoy estresada; me frustra.",frustración
S027,familia,Con las emociones me siento serena y tristeza. y tristeza,tristeza
S061,familia,"la verdad, me cansa la escuela, pero sigo; calma.",calma
S144,familia,"tal vez, quisiera entender la tarea para estar mejor; ánimo.",esperanza
S134,familia,No se como manejar la tarea; enojo. y enojo,frustración
S012,familia,"no sé, quisiera entender la tarea para estar mejor; llorar. ",tristeza
S049,docente,"Me cansa la rutina, pero sigo; calma.",calma
S076,docente,Siento un nudo por la rutina; ánimo. y va a mejorar,esperanza
S060,familia,"la verdad, quisiera entender la tarea para estar mejor; va a mejorar. y esperanza",esperanza
S114,familia,"mmm, me cansa la evaluacion, pero sigo; va a mejorar.",esperanza
S038,familia,"Me cansa el descanso, pero sigo; en paz.",calma
S082,familia,"la verdad, hoy la comunicación estuvo pesado; me irrita.",frustración
S049,docente,"la verdad, quisiera entender el descanso para estar mejor; miedo. y me acelero",ansiedad
S002,familia,Quisiera entender las emociones para estar mejor; me emociona.,alegría
S110,docente,"mmm, me cansa los cambios, pero sigo; vacío.",tristeza
S138,familia,Quisiera entender la rutina para estar mejor; respiro.,calma
S160,familia,"la verdad, no sé cómo manejar la tarea; me preocupa. y me preocupa 😓",ansiedad
S076,familia,"la verdad, estoy intentando con la atención y ánimo.",esperanza
S008,familia,Siento un nudo por la conducta; me acelero.,ansiedad
S105,familia,"a veces, siento un nudo por la conducta; vacío. y vacío",frustración
S090,docente,Quisiera entender la atención para estar mejor; confianza.,esperanza
S010,docente,No sé cómo manejar la atención; tristeza.,tristeza
S135,familia,Hoy la evaluación estuvo pesado; confianza.,esperanza
S149,familia,A ratos estoy agotada; miedo.,ansiedad
S057,familia,"o sea, siento un nudo por la atención; me frustra.",frustración
S137,familia,"o sea, no se como manejar la evaluacion; animo. y confianza",esperanza
S085,familia,Hoy los cambios estuvo pesado; frustración.,frustración
S107,familia,Siento un nudo por la rutina; enoojo. ,frustración
S104,familia,"pues, siento un nudo por la tarea; tristeza.",tristeza
S147,familia,"siento que, hoy la atención estuvo pesado; confianza. y ánimo 🥲",esperanza
S057,familia,"a veces, me cansa las emociones, pero sigo; confianza. ",esperanza
S096,docente,Estoy intentando con las emociones y me acelero. ,ansiedad
S072,familia,"como q, con la atencion me siento confundida y respiro.",calma
S106,docente,"no se, a ratos estoy con esperanza; me emociona.",alegría
S010,familia,Con la evaluacion me siento desanimada y ansiedad.,ansiedad
S123,familia,Quisiera entender los cambios para estar mejor; feliz. y alegría,alegría
S005,familia,Siento un nudo por la atención; salida. y salida,esperanza
S140,familia,Quisiera entender las emociones para estar mejor; vacío.,tristeza
S127,familia,Siento q con los cambios voy lento; en paz.,esperanza
S074,docente,"pues, noo sé cómo manejar las emociones; nervios. y nervios",ansiedad
S109,docente,Con la comunicacion me siento tensa y tranquila. y respiro,calma
S091,docente,"a veces, con la escuela me siento estresada y en paz. ",calma
S063,familia,Hoy el descanso estuvo pesado; me emociona.,alegría
S048,familia,"a veces, con la rutina me siento inquieta y respiro.",esperanza
S012,familia,"o sea, hoy la rutina estuvo pesado; llorar. y me duele",tristeza
S084,familia,"tal vez, a ratos estoy estresada; calma.",calma
S048,familia,Siento un nudo por la conducta; contenta.,alegría
S152,familia,Siento que con la conducta voy lento; desespero. y me irrita,frustración
S058,docente,"tal vez, hoy la comunicación estuvo pesado; me frustra.",frustración
S150,familia,Estoy intentando con la escuela y nervios. 😓,ansiedad
S072,docente,A ratos estoy tranquila; tristeza. y tristeza,tristeza
S094,familia,Siento que con la escuela voy lento; me acelero.,ansiedad
S040,docente,"Me cansa la atencion, pero sigo; animo. y salida",esperanza
S025,docente,Siento que con la comunicacion voy lento; desespero.,frustración
S042,docente,Siento que con el descanso voy lento; va a mejorar. 😓,esperanza
S088,familia,"pues, a ratos estoy tensa; contenta. y contenta",alegría
S026,familia,"a veces, a ratos estoy con esperanza; llorar. y vacio",tristeza
S129,familia,Con la evaluacion me siento inquieta y me preocupa.,ansiedad
S109,familia,No se como manejar las emociones; desespero.,frustración
S118,docente,"mmm, siento un nudo por la rutina; calma.",esperanza
S123,docente,"como que, hoy la escuela estuvo pesado; me duele. y me pone triste",frustración
S145,docente,A ratos estoy estresada; respiro.,calma
S084,familia,Quisiera entender la rutina para estar mejor; ilusión. y feliz,alegría
S107,docente,Hoy la escuela estuvo pesado; me pone triste.,tristeza
S088,familia,"la verdad, con la conducta me siento contenta y frustracion.",frustración
S138,familia,"mmm, con la tarea me siento con esperanza y miedo. ",ansiedad
S103,familia,"pues, me cansa la conducta, pero sigo; frustración. y frustración 🙂",frustración
S004,familia,Siento que con los cambios voy lento; me frustra. y me irrita,frustración
S025,docente,"Me cansa la evaluación, pero sigo; esperanza.",esperanza
S143,docente,Con las emociones me siento confundida y enojo. y me irrita,frustración
S032,familia,Estoy intentando con los cambios y alegria.,alegría
S096,familia,Hoy los cambios estuvo pesado; me frustra. y me frustra,frustración
S152,familia,"tal vez, quisiera entender el descanso para estar mejor; me irrita. ",frustración
S096,familia,Con la rutina me siento desanimada y enoojo.,frustración
S089,familia,"tal vez, siento que con las emociones voy lento; vacío.",tristeza
S035,docente,"Me cansa los cambios, pero sigo; frustracion. y desespero 😓",frustración
S075,docente,A ratos estoy inquieta; respiro. y calma,calma
S150,docente,Siento que con la evaluación voy lento; confianza.,esperanza
S134,docente,Siento q con la rutina voy lento; esperanza.,esperanza
S079,familia,Siento un nudo por el descanso; me duele.,tristeza
S118,familia,Estoy intentando con el descanso y contenta.,alegría
S160,familia,"en fin, hoy la evaluación estuvo pesado; miedo. y miedo",ansiedad
S118,familia,Hoy la atencion estuvo pesado; desespero. y me irrita,frustración
S046,familia,"a veces, noo se como manejar las emociones; vacio.",tristeza
S074,familia,Siento q con las emociones voy lento; me irrita.,frustración
S093,docente,"en fin, siento un nudo por el descanso; llorar.",ansiedad
S102,familia,Con el descanso me siento con esperanza y esperanza. ,esperanza
S128,familia,"tal vez, siento un nudo por la rutina; me frustra. y me frustra",frustración
S072,familia,"mmm, siento un nudo por la escuela; me irrita.",frustración
S158,docente,Con las emociones me siento desanimada y me acelero. 😔,ansiedad
S144,familia,"tal vez, me cansa la tarea, pero sigo; animo.",esperanza
S093,familia,Siento un nudo por la atención; me irrita. ,frustración
S052,familia,Siento un nudo por la evaluación; confianza. y ánimo,esperanza
S054,docente,A ratos estoy estresada; me irrita. 🙂,frustración
S003,familia,"o sea, estoy intentando con la evaluación y me preocupa. y me acelero",ansiedad
S073,familia,Hoy los cambios estuvo pesado; vacío.,tristeza
S014,familia,"como que, siento un nudo por el descanso; me emociona. y ilusion",alegría
S079,familia,"siento que, siento que con los cambios voy lento; ansiedad. 😮‍💨",ansiedad
S032,docente,No sé cómo manejar las emociones; ánimo.,esperanza
S024,familia,Con la tarea me siento agotada y salida.,esperanza
S068,familia,"siento que, a ratos estoy con esperanza; nervios. ",ansiedad
S135,docente,"Me cansa la rutina, pero sigo; contenta. 🥲",alegría
S003,familia,Estoy intentando con la escuela y alegria.,alegría
S053,familia,"Me cansa los cambios, pero sigo; salida.",esperanza
S099,familia,"siento que, a ratos estoy agotada; enoojo. y me frustra 😓",frustración
S150,familia,"no sé, con la escuela me siento confundida y vacío.",tristeza
S024,familia,"en fin, noo sé cómo manejar la conducta; confianza.",esperanza
S050,familia,"Me cansa la evaluación, pero sigo; ansiedad. y nervios",ansiedad
S052,familia,"Me cansa la evaluacion, pero sigo; alegria. y alegria",alegría
S107,familia,"en fin, estoy intentando con la tarea y me preocupa.",ansiedad
S087,docente,Siento que con la evaluación voy lento; ansiedad.,ansiedad
S160,familia,Siento que con las emociones voy lento; miedo.,ansiedad
S117,familia,"siento que, siento un nudo por los cambios; ansiedad. y me acelero",ansiedad
S066,docente,"siento que, con las emociones me siento tranquila y ansiedad.",tristeza
S107,familia,"siento que, hoy los cambios estuvo pesado; frustración.",frustración
S018,familia,"Me cansa el descanso, pero sigo; me duele. 😓",tristeza
S002,docente,Con los cambios me siento tranquila y me frustra. y me frustra 😮‍💨,frustración
S122,familia,"como que, siento que con la rutina voy lento; salida. y va a mejorar ",esperanza
S080,familia,No sé cómo manejar las emociones; va a mejorar.,esperanza
S092,docente,"no sé, siento un nudo por la rutina; frustración. y desespero",frustración
S120,familia,Siento q con el descanso voy lento; me irrita. y frustración,frustración
S148,docente,"como que, siento que con la conducta voy lento; enojo.",frustración
S057,familia,Hoy el descanso estuvo pesado; alegria. y contenta,alegría
S039,docente,A ratos estoy confundida; salida. 😔,esperanza
S081,familia,Siento que con la comunicación voy lento; me preocupa. ,ansiedad
S101,familia,"la verdad, quisiera entender la atención para estar mejor; tristeza.",tristeza
S144,familia,No sé cómo manejar la evaluación; me duele.,tristeza
S112,docente,Quisiera entender la escuela para estar mejor; me frustra.,frustración
S095,familia,Siento un nudo por la comunicacion; enojo.,frustración
S024,familia,A ratos estoy desanimada; va a mejorar.,esperanza
S119,familia,Hoy la rutina estuvo pesado; me frustra. 🥲,frustración
S034,familia,Siento que con las emociones voy lento; ansiedad. ,ansiedad
S111,docente,Quisiera entender los cambios para estar mejor; tristeza.,tristeza
S040,docente,"mmm, no sé cómo manejar el descanso; serena. y serena",calma
S088,familia,Hoy la atención estuvo pesado; nervios. y me acelero,ansiedad
S083,docente,Siento un nudo por la evaluacion; respiro.,calma
S023,familia,"no se, estoy intentando con la atencion y animo. y animo",esperanza
S103,docente,A ratos estoy agotada; frustracion.,frustración
S107,familia,Quisiera entender los cambios para estar mejor; enoojo. y enojo,frustración
S106,familia,Estoy intentando con la comunicacion y esperanza.,esperanza
S020,familia,"tal vez, hoy las emociones estuvo pesado; calma. y respiro 😔",esperanza
S113,docente,"mmm, siento q con los cambios voy lento; tranquila.",calma
S136,familia,"Me cansa la comunicación, pero sigo; en paz.",calma
S031,familia,"siento que, noo se como manejar la conducta; me preocupa. 🙂",ansiedad
S031,familia,"no se, siento un nudo por la escuela; confianza. y confianza ",esperanza
S069,docente,Con la rutina me siento contenta y serena. y respiro,calma
S037,familia,"Me cansa la atención, pero sigo; llorar.",tristeza
S086,docente,Siento que con la evaluacion voy lento; esperanza.,esperanza
S156,familia,"a veces, quisiera entender la rutina para estar mejor; miedo. y miedo",ansiedad
S051,familia,"o sea, me cansa las emociones, pero sigo; miedo. y me preocupa",ansiedad
S004,familia,"la verdad, con las emociones me siento agotada y me duele.",tristeza
S080,familia,"pues, siento un nudo por el descanso; alegria. y alegria",alegría
S132,familia,"pues, a ratos estoy desanimada; animo.",esperanza
S019,familia,"a veces, estoy intentando con los cambios y nervios. y me acelero",ansiedad
S025,docente,"en fin, siento un nudo por la comunicación; llorar.",tristeza
S120,familia,"o sea, a ratos estoy tranquila; me frustra.",frustración
S029,familia,Quisiera entender el descanso para estar mejor; me preocupa. y me preocupa,ansiedad
S069,docente,"como que, a ratos estoy contenta; salida.",esperanza
S012,familia,"no sé, quisiera entender la evaluación para estar mejor; me irrita. y desespero",frustración
S109,familia,"en fin, me cansa la conducta, pero sigo; me irrita.",frustración
S019,familia,"pues, a ratos estoy estresada; enoojo.",frustración
S012,docente,"en fin, estoy intentando con la rutina y vacío. y llorar",tristeza
S052,familia,"siento q, hoy los cambios estuvo pesado; enojo.",frustración
S125,docente,"en fin, me cansa la tarea, pero sigo; miedo.",ansiedad
S016,docente,"noo sé, a ratos estoy tranquila; tristeza.",tristeza
S130,familia,Siento un nudo por la tarea; me preocupa. y me acelero,ansiedad
S014,familia,"como que, siento un nudo por la comunicación; ánimo.",esperanza
S146,familia,"Me cansa la escuela, pero sigo; me duele.",tristeza
S109,familia,"en fin, no se como manejar el descanso; salida. y confianza",esperanza
S040,docente,"mmm, siento que con la rutina voy lento; confianza.",esperanza
S126,familia,"o sea, estoy intentando con los cambios y tranquila. y calma",calma
S119,familia,No se como manejar la escuela; en paz. y calma 😔,calma
S069,docente,"a veces, estoy intentando con la tarea y me acelero. ",ansiedad
S033,familia,Hoy el descanso estuvo pesado; contenta. y feliz,alegría
S157,familia,Con la escuela me siento con esperanza y frustracion. y enojo,frustración
S057,familia,"pues, me cansa la comunicación, pero sigo; ansiedad.",ansiedad
S136,familia,"o sea, siento un nudo por las emociones; salida. y confianza",esperanza
S148,docente,Estoy intentando con la tarea y miedo. y me preocupa 🥲,ansiedad
S062,familia,"siento que, estoy intentando con la atencion y animo.",esperanza
S073,familia,"o sea, me cansa la conducta, pero sigo; calma.",calma
S108,familia,Siento un nudo por la conducta; contenta.,alegría
S028,familia,A ratos estoy serena; nervios.,ansiedad
S137,familia,"o sea, estoy intentando con la evaluación y ánimo. 😔",esperanza
S147,docente,"mmm, quisiera entender la rutina para estar mejor; serena.",calma
S138,familia,"o sea, siento que con la escuela voy lento; me duele.",tristeza
S058,familia,No sé cómo manejar la conducta; enojo.,frustración
S040,docente,"a veces, siento que con la escuela voy lento; ánimo. y confianza 🥲",esperanza
S097,familia,"Me cansa la atención, pero sigo; calma.",calma
S078,familia,Hoy la tarea estuvo pesado; esperanza. y ánimo ,esperanza
S050,docente,A ratos estoy estresada; miedo.,ansiedad
S160,familia,"siento que, quisiera entender las emociones para estar mejor; respiro. y calma",calma
S015,familia,"o sea, hoy la tarea estuvo pesado; enojo. y desespero",frustración
S088,docente,Quisiera entender las emociones para estar mejor; confianza.,esperanza
S104,familia,Quisiera entender la comunicacion para estar mejor; nervios.,ansiedad
S037,docente,"mmm, me cansa la conducta, pero sigo; enojo.",frustración
S058,docente,"a veces, noo sé cómo manejar la conducta; en paz.",calma
S063,familia,Hoy la escuela estuvo pesado; me irrita.,frustración
S148,docente,"en fin, quisiera entender los cambios para estar mejor; miedo. y ansiedad",ansiedad
S156,docente,"pues, a ratos estoy inquieta; confianza.",esperanza
S146,docente,Hoy la rutina estuvo pesado; me irrita.,frustración
S003,familia,No sé cómo manejar el descanso; esperanza.,esperanza
S154,familia,"o sea, me cansa la conducta, pero sigo; respiro. y respiro",calma
S004,familia,"la verdad, con el descanso me siento desanimada y me acelero. ",frustración
S114,docente,No sé cómo manejar el descanso; feliz. y feliz,alegría
S146,docente,"la verdad, a ratos estoy tranquila; en paz. y serena",calma
S082,familia,Con la tarea me siento con esperanza y miedo.,ansiedad
S050,familia,"a veces, a ratos estoy agotada; desespero.",frustración
S160,docente,"en fin, hoy las emociones estuvo pesado; alegría.",alegría
S143,familia,"Me cansa los cambios, pero sigo; salida. y confianza",esperanza
S043,docente,"en fin, estoy intentando con el descanso y me duele. ",tristeza
S038,docente,"la verdad, hoy el descanso estuvo pesado; feliz. y contenta",esperanza
S152,familia,Con la atención me siento tranquila y va a mejorar. ,esperanza
S087,familia,"siento q, me cansa la comunicación, pero sigo; confianza.",calma
S031,docente,"no sé, siento un nudo por el descanso; vacío.",tristeza
S105,familia,"o sea, siento que con la atencion voy lento; animo. y salida",esperanza
S145,familia,Siento q con la conducta voy lento; serena. y tranquila ,calma
S057,familia,"no se, no se como manejar la evaluacion; desespero. y enojo",frustración
S133,familia,"la verdad, me cansa la escuela, pero sigo; me pone triste. y me duele 😮‍💨",tristeza
S059,docente,"Me cansa la escuela, pero sigo; confianza. y ánimo ",esperanza
S148,familia,Hoy la rutina estuvo pesado; ansiedad.,ansiedad
S009,familia,"a veces, no se como manejar la comunicacion; ilusion. ",alegría
S078,familia,No sé cómo manejar los cambios; ansiedad. y miedo 😓,ansiedad
S072,familia,"pues, no se como manejar la escuela; ilusion. y ilusion",alegría
S104,familia,"noo sé, quisiera entender la atención para estar mejor; frustración. y enojo",tristeza
S074,familia,No sé cómo manejar las emociones; calma.,calma
S061,familia,Con la escuela me siento tensa y nervios.,ansiedad
S109,familia,No se como manejar las emociones; tranquila.,calma
S029,familia,Estoy intentando con la escuela y alegria. y alegria,alegría
S072,docente,Siento q con la comunicacion voy lento; miedo.,ansiedad
S094,familia,"Me cansa la escuela, pero sigo; me frustra.",ansiedad
S069,familia,Siento q con la conducta voy lento; calma.,calma
S130,familia,"como que, quisiera entender el descanso para estar mejor; desespero. ",frustración
S076,docente,No se como manejar la comunicacion; confianza.,esperanza
S008,familia,"tal vez, estoy intentando con las emociones y enoojo.",frustración
S042,familia,No sé cómo manejar la conducta; me duele.,tristeza
S084,familia,Siento un nudo por la escuela; esperanza.,esperanza
S051,familia,"tal vez, estoy intentando con los cambios y contenta.",alegría
S134,familia,"mmm, siento que con la conducta voy lento; tristeza.",tristeza
S014,familia,"pues, con la tarea me siento estresada y miedo. y me acelero",ansiedad
S119,docente,"tal vez, siento un nudo por la evaluación; llorar.",tristeza
S019,docente,"como que, siento que con la tarea voy lento; salida.",esperanza
S007,familia,Estoy intentando con la conducta y va a mejorar.,esperanza
S055,docente,Siento un nudo por la conducta; me duele. y vacio,tristeza
S133,familia,Siento un nudo por la conducta; miedo. y me preocupa,tristeza
S059,familia,Siento que con la comunicación voy lento; me duele. 😔,tristeza
S041,familia,Siento un nudo por las emociones; nervios. ,ansiedad
S134,familia,Siento que con la conducta voy lento; tranquila.,calma
S039,familia,"en fin, hoy la atención estuvo pesado; ánimo. y salida 😔",esperanza
S155,docente,"siento que, hoy la evaluacion estuvo pesado; nervios.",ansiedad
S040,familia,Hoy la escuela estuvo pesado; me acelero. 🙂,ansiedad
S020,familia,"a veces, no sé cómo manejar la comunicación; ánimo. ",esperanza
S026,docente,"en fin, no sé cómo manejar la escuela; me frustra.",frustración
S121,familia,"siento q, con el descanso me siento desanimada y me pone triste. y llorar",ansiedad
S093,familia,Quisiera entender la tarea para estar mejor; salida.,esperanza
S141,docente,"no se, me cansa la escuela, pero sigo; tristeza. 🥲",tristeza
S034,docente,Siento un nudo por los cambios; ansiedad. 🥲,ansiedad
S102,docente,"a veces, siento que con el descanso voy lento; vacío.",tristeza
S016,familia,"como que, me cansa la atención, pero sigo; desespero.",frustración
S097,familia,"siento que, siento un nudo por los cambios; me irrita. y desespero",frustración
S139,familia,Estoy intentando con la atención y ilusión.,alegría
S097,docente,Siento un nudo por la escuela; tranquila.,calma
S107,familia,"en fin, a ratos estoy serena; confianza. y salida",esperanza
S138,docente,Estoy intentando con los cambios y nervios.,ansiedad
S119,familia,"a veces, quisiera entender la tarea para estar mejor; me irrita. ",frustración
S051,docente,"como q, me cansa la atencion, pero sigo; en paz. 🥲",calma
S029,docente,Con el descanso me siento tranquila y respiro. y calma,calma
S135,familia,"mmm, con el descanso me siento contenta y va a mejorar.",esperanza
S009,familia,"en fin, no se como manejar los cambios; en paz. y calma",calma
S037,familia,Con la comunicacion me siento tensa y desespero.,frustración
S104,familia,"mmm, con la conducta me siento tranquila y ánimo. 🙂",esperanza
S096,familia,Estoy intentando con los cambios y frustracion. 🙂,frustración
S014,familia,"mmm, estoy intentando con la conducta y me duele. y vacío",tristeza
S044,docente,"pues, a ratos estoy inquieta; llorar.",tristeza
S127,familia,"como que, siento que con la atención voy lento; me duele.",tristeza
S006,familia,A ratos estoy con esperanza; llorar. 🙂,tristeza
S089,familia,Con la comunicacion me siento estresada y me duele. 🙂,tristeza
S089,docente,Quisiera entender la conducta para estar mejor; tranquila.,calma
S111,familia,A ratos estoy desanimada; respiro. y calma,calma
S068,familia,Con la escuela me siento serena y me irrita.,frustración
S033,familia,"mmm, hoy la escuela estuvo pesado; va a mejorar. y esperanza ",esperanza
S140,familia,A ratos estoy tranquila; me acelero.,ansiedad
S122,docente,No se como manejar la escuela; salida.,esperanza
S044,familia,"siento que, me cansa la conducta, pero sigo; calma. y respiro",calma
S133,docente,"o sea, me cansa los cambios, pero sigo; tranquila. y calma 🥲",calma
S045,familia,Con la evaluación me siento agotada y salida. y esperanza,esperanza
S155,familia,"mmm, con la atencion me siento desanimada y desespero. y enojo 😮‍💨",frustración
S039,familia,"siento que, siento un nudo por la escuela; enojo.",frustración
S139,familia,"Me cansa la conducta, pero sigo; tranquila. y calma",calma
S079,familia,Siento un nudo por los cambios; serena. y en paz ,calma
S018,familia,Con la comunicacion me siento tranquila y me irrita.,frustración
S039,familia,"tal vez, siento un nudo por la escuela; ansiedad.",ansiedad
S105,familia,"la verdad, siento que con la conducta voy lento; enojo.",frustración
S021,docente,"a veces, estoy intentando con el descanso y animo.",esperanza
S125,familia,No se como manejar los cambios; serena. 🥲,calma
S146,docente,Quisiera entender el descanso para estar mejor; me frustra.,frustración
S143,familia,"no sé, con el descanso me siento inquieta y me irrita.",frustración
S155,docente,"mmm, estoy intentando con la escuela y feliz.",alegría
S111,docente,"siento q, me cansa la rutina, pero sigo; ansiedad. 🥲",ansiedad
S134,docente,No sé cómo manejar la conducta; salida.,esperanza
S121,familia,"Me cansa la atención, pero sigo; desespero.",frustración
S159,familia,A ratos estoy desanimada; llorar. y vacio,tristeza
S023,docente,Siento un nudo por la rutina; ansiedad.,ansiedad
S014,docente,"mmm, siento un nudo por la evaluación; en paz.",calma
S037,docente,Siento un nudo por el descanso; me acelero.,ansiedad
S083,docente,"en fin, siento que con la conducta voy lento; me duele. y me duele",tristeza
S081,familia,"mmm, estoy intentando con la atencion y me irrita.",frustración
S027,familia,Hoy la comunicación estuvo pesado; ilusión. y contenta,alegría
S122,familia,Hoy los cambios estuvo pesado; me preocupa. y nervios,ansiedad
S120,docente,"o sea, con la escuela me siento serena y me irrita. 😓",frustración
S136,familia,Estoy intentando con el descanso y me preocupa. y miedo ,ansiedad
S137,familia,"como que, con la escuela me siento inquieta y me acelero. 🥲",ansiedad
S037,familia,"Me cansa el descanso, pero sigo; va a mejorar.",esperanza
S063,familia,"pues, siento un nudo por los cambios; me acelero. 🙂",ansiedad
S067,familia,"la verdad, a ratos estoy con esperanza; ansiedad. y ansiedad",ansiedad
S134,familia,Siento q con el descanso voy lento; miedo.,ansiedad
S105,docente,A ratos estoy serena; ánimo. y esperanza,esperanza
S014,docente,"tal vez, siento que con las emociones voy lento; feliz. y feliz 😓",alegría
S047,docente,No se como manejar la rutina; nervios. 😮‍💨,ansiedad
S008,familia,"no sé, no sé cómo manejar la atención; calma. y tranquila",calma
S019,familia,Quisiera entender la rutina para estar mejor; me pone triste.,tristeza
S014,docente,"la verdad, siento un nudo por la conducta; feliz.",alegría
S032,familia,"o sea, estoy intentando con la conducta y me preocupa.",ansiedad
S117,familia,Hoy la comunicacion estuvo pesado; desespero.,frustración
S001,docente,"a veces, a ratos estoy confundida; respiro. y respiro",calma
S085,docente,"Me cansa la atencion, pero sigo; salida. y animo",esperanza
S098,familia,"a veces, siento un nudo por los cambios; me duele. 🙂",tristeza
S057,familia,"a veces, a ratos estoy con esperanza; ánimo.",alegría
S096,familia,"en fin, no sé cómo manejar la rutina; calma. 😓",calma
S004,familia,"a veces, estoy intentando con el descanso y me acelero. y me preocupa",ansiedad
S025,docente,Hoy las emociones estuvo pesado; confianza.,esperanza
S150,familia,"mmm, con la rutina me siento serena y desespero.",frustración
S129,familia,Quisiera entender la evaluación para estar mejor; me emociona.,alegría
S082,familia,"como que, estoy intentando con la comunicacion y desespero. ",frustración
S081,familia,Siento un nudo por la evaluacion; me pone triste.,tristeza
S100,familia,"pues, no sé cómo manejar la escuela; contenta. y feliz",esperanza
S067,familia,"como que, hoy la escuela estuvo pesado; me acelero. y ansiedad",ansiedad
S063,familia,Quisiera entender la conducta para estar mejor; respiro.,calma
S001,docente,Hoy la atención estuvo pesado; alegría.,alegría
S054,familia,"no se, a ratos estoy agotada; me preocupa.",frustración
S010,familia,"como que, quisiera entender el descanso para estar mejor; esperanza.",esperanza
S124,familia,"como que, me cansa la atención, pero sigo; miedo. y ansiedad",ansiedad
S069,docente,"a veces, siento un nudo por el descanso; me duele.",ansiedad
S034,familia,"mmm, quisiera entender la conducta para estar mejor; vacío. y me duele",tristeza
S154,familia,"no sé, hoy la evaluación estuvo pesado; miedo. y miedo 🥲",ansiedad
S029,familia,"siento que, hoy la comunicacion estuvo pesado; va a mejorar.",esperanza
S032,familia,Siento q con la atencion voy lento; salida.,esperanza
S081,familia,"pues, siento que con la tarea voy lento; ansiedad.",ansiedad
S114,familia,"no se, estoy intentando con las emociones y me frustra.",frustración
S078,familia,"como que, quisiera entender la rutina para estar mejor; va a mejorar. 😔",esperanza
S129,docente,No sé cómo manejar la conducta; ánimo.,esperanza
S063,docente,"en fin, a ratos estoy agotada; enoojo. y me frustra",frustración
S020,familia,A ratos estoy contenta; frustracion. 🥲,frustración
S039,familia,"tal vez, con los cambios me siento estresada y salida. y animo",esperanza
S028,docente,"tal vez, con el descanso me siento serena y serena.",calma
S084,familia,"la verdad, estoy intentando con la atención y alegría. y contenta 😓",alegría
S078,familia,Estoy intentando con la tarea y en paz. y serena ,calma
S136,familia,"la verdad, no se como manejar la tarea; ilusion.",alegría
S139,familia,Siento un nudo por la rutina; salida.,esperanza
S017,familia,"como que, siento que con el descanso voy lento; feliz.",alegría
S154,docente,"siento que, siento un nudo por la conducta; calma.",calma
S087,familia,Siento un nudo por la escuela; confianza.,esperanza
S110,familia,"mmm, con el descanso me siento serena y serena. y calma",calma
S083,familia,"la verdad, siento un nudo por la rutina; me preocupa.",ansiedad
S156,docente,"siento que, me cansa la rutina, pero sigo; en paz. y serena 😓",calma
S066,docente,"siento q, siento un nudo por la comunicación; respiro. ",calma
S150,familia,"tal vez, siento que con el descanso voy lento; me emociona. y me emociona",alegría
S077,familia,Siento un nudo por la conducta; salida. y confianza ,esperanza
S160,familia,"en fin, quisiera entender los cambios para estar mejor; esperanza.",esperanza
S147,docente,"como que, quisiera entender la conducta para estar mejor; respiro. 🥲",calma
S037,docente,"como que, siento que con la comunicacion voy lento; animo.",esperanza
S144,familia,Siento que con la conducta voy lento; serena.,calma
S011,docente,Estoy intentando con las emociones y desespero.,frustración
S005,familia,"siento que, a ratos estoy contenta; nervios. y me preocupa",ansiedad
S064,familia,"noo se, siento q con la conducta voy lento; me irrita. y me frustra ",ansiedad
S056,familia,No se como manejar la comunicacion; calma.,calma
S037,familia,"no se, me cansa la rutina, pero sigo; serena. 😮‍💨",calma
S124,familia,A ratos estoy tensa; en paz.,calma
S146,familia,No se como manejar la rutina; nervios.,ansiedad
S028,familia,"mmm, hoy la escuela estuvo pesado; feliz.",alegría
S056,familia,"a veces, hoy la tarea estuvo pesado; me frustra. 😓",frustración
S025,familia,"o sea, quisiera entender la escuela para estar mejor; esperanza. y confianza",esperanza
S061,familia,"como que, me cansa los cambios, pero sigo; me pone triste. 🥲",tristeza
S130,familia,"siento q, estoy intentando con la comunicacion y vacio. y vacio",tristeza
S085,docente,Siento que con la tarea voy lento; me preocupa. y me acelero ,ansiedad
S070,familia,Estoy intentando con la evaluacion y en paz.,calma
S079,docente,Siento que con la escuela voy lento; miedo. y me acelero,ansiedad
S103,docente,"tal vez, me cansa el descanso, pero sigo; respiro.",calma
S142,familia,"mmm, siento que con la rutina voy lento; frustración.",frustración
S031,docente,Hoy la rutina estuvo pesado; me irrita.,frustración
S107,familia,"siento que, con las emociones me siento inquieta y confianza. y animo",esperanza
S158,familia,Con los cambios me siento serena y desespero. 😔,frustración
S159,docente,Hoy los cambios estuvo pesado; me irrita.,frustración
S100,docente,"tal vez, quisiera entender la rutina para estar mejor; desespero. 😓",frustración
S091,familia,Con los cambios me siento inquieta y ansiedad.,ansiedad
S006,familia,"siento que, no sé cómo manejar la evaluación; tristeza.",tristeza
S026,docente,"en fin, me cansa la conducta, pero sigo; me acelero.",tristeza
S099,familia,A ratos estoy agotada; me acelero.,ansiedad
S084,docente,Quisiera entender la tarea para estar mejor; tristeza.,tristeza
S034,familia,Estoy intentando con la rutina y ansiedad.,ansiedad
S149,docente,"mmm, a ratos estoy agotada; me preocupa.",ansiedad
S127,familia,"a veces, siento un nudo por la comunicación; ilusión.",alegría
S003,familia,"noo sé, a ratos estoy con esperanza; me emociona.",alegría
S156,familia,Siento un nudo por la evaluación; contenta. y me emociona,alegría
S120,docente,Siento un nudo por los cambios; serena.,calma
S116,familia,"a veces, estoy intentando con la escuela y ánimo. y confianza",esperanza
S065,familia,Hoy la evaluación estuvo pesado; enojo. ,frustración
S014,familia,"a veces, no se como manejar la conducta; alegria.",alegría
S038,familia,Siento un nudo por la comunicacion; me acelero.,ansiedad
S109,familia,"como que, quisiera entender el descanso para estar mejor; miedo. ",ansiedad
S092,familia,"tal vez, me cansa la evaluacion, pero sigo; vacio. 🙂",tristeza
S088,docente,"a veces, hoy los cambios estuvo pesado; esperanza. ",esperanza
S087,docente,"como que, con la conducta me siento con esperanza y vacio.",tristeza
S052,docente,Siento un nudo por las emociones; serena. ,calma
S053,familia,Con el descanso me siento estresada y llorar. y llorar,tristeza
S023,familia,"en fin, me cansa el descanso, pero sigo; en paz. 🥲",calma
S078,familia,Estoy intentando con la conducta y alegria.,alegría
S089,familia,"como q, con los cambios me siento serena y tranquila. y serena",calma
S104,familia,Con los cambios me siento tensa y esperanza.,esperanza
S067,familia,"en fin, no sé cómo manejar el descanso; me preocupa. ",ansiedad
S132,familia,"pues, hoy la conducta estuvo pesado; confianza. y esperanza",esperanza
S083,familia,"como que, hoy las emociones estuvo pesado; llorar.",tristeza
S157,docente,Quisiera entender los cambios para estar mejor; me preocupa.,ansiedad
S160,familia,Hoy la comunicación estuvo pesado; ánimo. y confianza,esperanza
S044,familia,Siento un nudo por la tarea; me preocupa.,ansiedad
S050,docente,"o sea, estoy intentando con las emociones y ánimo. y va a mejorar ",esperanza
S041,familia,A ratos estoy tranquila; miedo. y me acelero,ansiedad
S040,familia,"no sé, siento que con el descanso voy lento; salida.",esperanza
S137,familia,"siento q, siento un nudo por la conducta; me pone triste.",tristeza
S110,familia,Siento un nudo por las emociones; en paz.,calma
S100,familia,A ratos estoy tensa; tristeza.,tristeza
S062,docente,Quisiera entender la rutina para estar mejor; nervios. y me preocupa,ansiedad
S056,familia,"en fin, me cansa las emociones, pero sigo; alegria.",alegría
S118,familia,A ratos estoy tranquila; contenta. y alegria,alegría
S082,familia,"siento que, no se como manejar la evaluacion; serena.",calma
S016,familia,A ratos estoy estresada; en paz. 😔,esperanza
S141,docente,"siento que, siento que con la escuela voy lento; respiro. y en paz",calma
S098,docente,"mmm, estoy intentando con las emociones y enojo.",frustración
S149,familia,"tal vez, estoy intentando con las emociones y me preocupa. y nervios",ansiedad
S141,docente,Estoy intentando con el descanso y tristeza.,ansiedad
S069,familia,Siento un nudo por la evaluacion; me duele. y tristeza,tristeza
S055,docente,"como q, siento q con el descanso voy lento; en paz.",calma
S110,familia,"la verdad, siento que con la rutina voy lento; me duele. y me duele",tristeza
S019,docente,"en fin, no sé cómo manejar la comunicación; va a mejorar. ",esperanza
S050,familia,A ratos estoy serena; nervios. y me acelero,ansiedad
S058,familia,"pues, con la conducta me siento confundida y tranquila.",calma
S088,familia,"noo sé, estoy intentando con las emociones y me pone triste. y tristeza",tristeza
S134,familia,Siento un nudo por la escuela; va a mejorar. y confianza,esperanza
S002,familia,Estoy intentando con la escuela y me irrita. y desespero 😔,frustración
S152,familia,"la verdad, estoy intentando con la escuela y me pone triste.",tristeza
S022,docente,Siento que con los cambios voy lento; ansiedad. 😓,ansiedad
S061,familia,Siento que con la tarea voy lento; desespero. y me frustra,frustración
S151,docente,A ratos estoy con esperanza; feliz. 😓,alegría
S047,familia,"o sea, hoy la escuela estuvo pesado; serena. y calma",calma
S105,familia,Siento un nudo por la comunicacion; feliz.,alegría
S064,docente,Siento que con la tarea voy lento; contenta. 😓,alegría
S074,familia,"la verdad, me cansa la conducta, pero sigo; frustración. y me irrita",frustración
S124,docente,Hoy la evaluacion estuvo pesado; me acelero. y me acelero 😔,ansiedad
S116,familia,Siento un nudo por la atencion; frustracion.,ansiedad
S145,docente,Siento que con la rutina voy lento; frustración.,tristeza
S060,familia,"en fin, hoy la evaluación estuvo pesado; ilusión. 🙂",alegría
S127,familia,Estoy intentando con la conducta y feliz. ,alegría
S050,docente,"mmm, hoy la evaluación estuvo pesado; me irrita.",frustración
S067,familia,"no se, me cansa la atencion, pero sigo; calma.",calma
S049,familia,"a veces, no sé cómo manejar el descanso; salida.",esperanza
S124,familia,"a veces, no sé cómo manejar los cambios; me acelero.",ansiedad
S152,familia,A ratos estoy desanimada; me frustra.,frustración
S012,docente,Con los cambios me siento contenta y miedo. y me preocupa,ansiedad
S109,familia,"o sea, quisiera entender la tarea para estar mejor; tristeza. 😓",tristeza
S124,familia,Estoy intentando con la conducta y calma.,calma
S133,docente,"no sé, no sé cómo manejar la escuela; me frustra.",frustración
S128,docente,"como que, estoy intentando con las emociones y ansiedad. y nervios",ansiedad
S101,familia,"en fin, quisiera entender la conducta para estar mejor; me acelero. y me acelero",ansiedad
S001,familia,"Me cansa la comunicacion, pero sigo; esperanza.",esperanza
S016,familia,Siento un nudo por la conducta; alegría. ,alegría
S117,docente,Hoy la comunicacion estuvo pesado; va a mejorar.,esperanza
S128,familia,Con los cambios me siento agotada y animo.,esperanza
S114,docente,"mmm, siento un nudo por el descanso; enojo.",frustración
S079,familia,A ratos estoy inquieta; alegría. 🙂,alegría
S050,docente,"a veces, con la rutina me siento inquieta y esperanza.",esperanza
S088,familia,"la verdad, hoy los cambios estuvo pesado; alegría.",alegría
S060,familia,Estoy intentando con la evaluación y salida.,esperanza
S145,familia,A ratos estoy desanimada; ánimo.,esperanza
S047,familia,Hoy el descanso estuvo pesado; me irrita. y enojo,frustración
S116,docente,Con la conducta me siento agotada y confianza. y confianza,esperanza
S005,familia,"en fin, no se como manejar la comunicacion; me frustra.",tristeza
S147,familia,A ratos estoy tensa; tranquila. y serena,calma
S053,familia,Estoy intentando con la rutina y me pone triste. y me pone triste,tristeza
S014,familia,"en fin, estoy intentando con las emociones y tristeza. y me duele",tristeza
S040,docente,"o sea, estoy intentando con la comunicación y me irrita.",frustración
S037,docente,"Me cansa el descanso, pero sigo; llorar. y tristeza",ansiedad
S107,familia,Siento que con la atención voy lento; me preocupa.,ansiedad
S136,familia,"tal vez, siento un nudo por los cambios; me frustra.",frustración
S046,familia,"tal vez, estoy intentando con la rutina y llorar.",tristeza
S157,familia,"como que, estoy intentando con la atención y ánimo.",calma
S120,familia,"pues, a ratos estoy con esperanza; miedo.",ansiedad
S087,familia,"Me cansa la evaluación, pero sigo; me emociona. y me emociona",alegría
S120,familia,"a veces, hoy la escuela estuvo pesado; tristeza. y vacío 😓",tristeza
S016,familia,Estoy intentando con la tarea y ánimo.,esperanza
S088,familia,"mmm, hoy la tarea estuvo pesado; confianza. y esperanza 😔",esperanza
S040,docente,"o sea, hoy la evaluación estuvo pesado; enojo.",frustración
S054,familia,"siento que, siento un nudo por las emociones; animo. y esperanza 🥲",esperanza
S079,docente,A ratos estoy con esperanza; salida. y esperanza,esperanza
S097,docente,"Me cansa la evaluacion, pero sigo; llorar. y vacio 🙂",tristeza
S112,familia,"mmm, a ratos estoy desanimada; me acelero.",ansiedad
S001,familia,Estoy intentando con la tarea y tranquila. y respiro,calma
S040,familia,Hoy la atención estuvo pesado; frustración.,frustración
S056,docente,"como que, con la tarea me siento tranquila y esperanza.",esperanza
S119,docente,"a veces, siento un nudo por la escuela; me emociona. y alegria 🙂",alegría
S085,familia,Hoy las emociones estuvo pesado; me emociona.,alegría
S154,familia,"mmm, siento que con el descanso voy lento; me preocupa.",ansiedad
S052,familia,"o sea, a ratos estoy agotada; enojo.",frustración
S102,docente,Estoy intentando con la tarea y serena. y respiro,calma
S131,docente,A ratos estoy serena; calma. ,calma
S051,familia,Siento que con la conducta voy lento; me duele.,tristeza
S080,familia,"en fin, me cansa el descanso, pero sigo; llorar. y llorar 😔",tristeza
S082,familia,Estoy intentando con la comunicación y nervios.,ansiedad
S022,familia,"mmm, no sé cómo manejar la conducta; ánimo.",esperanza
S135,familia,"tal vez, hoy la rutina estuvo pesado; me pone triste.",tristeza
S140,docente,"Me cansa la conducta, pero sigo; desespero.",frustración
S080,familia,Quisiera entender la escuela para estar mejor; nervios.,ansiedad
S041,familia,"a veces, estoy intentando con la tarea y va a mejorar.",esperanza
S069,familia,Hoy la comunicación estuvo pesado; calma. y calma,calma
S121,docente,Hoy el descanso estuvo pesado; me pone triste. 🥲,tristeza
S036,familia,"la verdad, siento que con la tarea voy lento; me emociona. y contenta",esperanza
S091,familia,"Me cansa el descanso, pero sigo; frustración.",frustración
S032,familia,Siento un nudo por la comunicacion; ilusion.,alegría
S110,familia,"pues, hoy la conducta estuvo pesado; llorar. y me duele ",tristeza
S106,familia,No se como manejar el descanso; miedo.,ansiedad
S116,familia,"en fin, hoy la rutina estuvo pesado; ansiedad.",frustración
S099,familia,A ratos estoy estresada; tranquila. y calma,calma
S071,familia,Siento un nudo por la conducta; vacio. y me duele 😓,tristeza
S120,familia,"no sé, quisiera entender el descanso para estar mejor; me frustra.",frustración
S119,docente,"como que, quisiera entender el descanso para estar mejor; enojo. 😮‍💨",frustración
S141,docente,"la verdad, siento que con las emociones voy lento; miedo.",ansiedad
S017,familia,"la verdad, estoy intentando con el descanso y miedo.",ansiedad
S095,familia,"o sea, hoy la atención estuvo pesado; en paz. y calma 🙂",calma
S025,docente,"en fin, hoy la escuela estuvo pesado; calma. y serena",calma
S074,familia,"Me cansa la tarea, pero sigo; me irrita.",frustración
S085,familia,"como que, con la evaluación me siento tranquila y miedo. y me preocupa",tristeza
S096,familia,Estoy intentando con la rutina y en paz.,calma
S081,familia,"en fin, siento que con la comunicación voy lento; confianza.",esperanza
S015,familia,Con la escuela me siento agotada y en paz.,calma
S118,familia,"tal vez, hoy los cambios estuvo pesado; esperanza.",esperanza
S137,docente,A ratos estoy estresada; esperanza.,esperanza
S160,familia,"no se, a ratos estoy tensa; va a mejorar.",esperanza
S149,familia,"Me cansa las emociones, pero sigo; frustración. 😮‍💨",frustración
S020,familia,"pues, a ratos estoy contenta; en paz.",calma
S052,familia,"tal vez, a ratos estoy tensa; ansiedad.",ansiedad
S047,familia,"a veces, hoy la escuela estuvo pesado; esperanza.",esperanza
S069,familia,A ratos estoy inquieta; respiro. y en paz ,calma
S021,familia,Siento un nudo por la conducta; me acelero. y me acelero 😮‍💨,ansiedad
S121,familia,Quisiera entender la comunicación para estar mejor; va a mejorar. y ánimo,calma
S017,familia,Siento un nudo por los cambios; desespero.,frustración
S131,familia,"a veces, estoy intentando con la comunicacion y llorar. y me pone triste",tristeza
S045,docente,"mmm, siento un nudo por la atención; me duele.",tristeza
S011,familia,"no sé, siento un nudo por la evaluación; me frustra. y enojo",frustración
S103,familia,A ratos estoy estresada; respiro. y en paz,calma
S009,docente,"la verdad, a ratos estoy estresada; respiro. ",calma
S016,docente,Siento que con el descanso voy lento; en paz. y calma,calma
S118,familia,"en fin, siento un nudo por los cambios; miedo. y me acelero",tristeza
S156,familia,Quisiera entender las emociones para estar mejor; miedo.,ansiedad
S125,familia,"como q, noo se como manejar la conducta; ilusion. 😓",alegría
S106,docente,"Me cansa la comunicacion, pero sigo; va a mejorar.",esperanza
S024,docente,"siento que, no sé cómo manejar la evaluación; tristeza.",tristeza
S149,familia,"mmm, siento que con la atencion voy lento; miedo.",frustración
S157,docente,"mmm, siento un nudo por las emociones; esperanza.",esperanza
S148,familia,Quisiera entender los cambios para estar mejor; salida. y confianza 😔,esperanza
S148,familia,Siento que con la escuela voy lento; alegría. 🥲,alegría
S097,familia,Estoy intentando con la evaluación y ánimo.,esperanza
S129,familia,"tal vez, me cansa la atención, pero sigo; va a mejorar. 😮‍💨",esperanza
S060,familia,"tal vez, hoy la tarea estuvo pesado; ansiedad.",ansiedad
S156,docente,"tal vez, quisiera entender la comunicacion para estar mejor; me preocupa.",ansiedad
S127,familia,Con la escuela me siento con esperanza y en paz.,calma
S044,docente,A ratos estoy agotada; ánimo.,esperanza
S125,familia,"siento que, noo se como manejar la comunicacion; en paz. y en paz",calma
S126,familia,"tal vez, con las emociones me siento estresada y me irrita. y frustracion",frustración
S132,docente,"siento que, a ratos estoy inquieta; desespero. y frustración",frustración
S007,familia,"a veces, hoy el descanso estuvo pesado; va a mejorar.",esperanza
S102,docente,"Me cansa la conducta, pero sigo; tranquila.",calma
S006,docente,"mmm, quisiera entender la comunicacion para estar mejor; enojo.",frustración
S132,familia,Hoy el descanso estuvo pesado; ánimo.,esperanza
S073,familia,"mmm, hoy la atención estuvo pesado; me acelero.",ansiedad
S058,familia,"a veces, con la rutina me siento desanimada y salida.",esperanza
S063,familia,Hoy el descanso estuvo pesado; confianza. y esperanza,esperanza
S110,familia,"Me cansa la comunicacion, pero sigo; tranquila. y tranquila ",calma
S125,familia,Siento un nudo por los cambios; serena. ,calma
S132,familia,Siento que con los cambios voy lento; feliz.,alegría
S042,docente,"mmm, quisiera entender la atencion para estar mejor; me frustra. y me irrita",frustración
S069,docente,"siento q, siento un nudo por los cambios; llorar.",ansiedad
S160,familia,"pues, siento que con la tarea voy lento; esperanza.",esperanza
S130,familia,"tal vez, con la escuela me siento confundida y va a mejorar.",esperanza
S134,familia,"Me cansa la evaluación, pero sigo; vacío. ",tristeza
S126,familia,"la verdad, me cansa la conducta, pero sigo; me emociona.",alegría
S064,familia,No sé cómo manejar la tarea; ánimo.,esperanza
S032,familia,Estoy intentando con la atención y va a mejorar.,esperanza
S132,familia,Con el descanso me siento agotada y llorar.,tristeza
S040,docente,"Me cansa los cambios, pero sigo; me duele. y vacio ",tristeza
S013,docente,"en fin, no se como manejar el descanso; salida. y animo",esperanza
S152,familia,"como que, hoy el descanso estuvo pesado; me acelero.",ansiedad
S106,familia,"la verdad, siento un nudo por la rutina; ansiedad.",ansiedad
S099,familia,No se como manejar la escuela; salida. ,esperanza
S063,docente,Con la atención me siento confundida y en paz. y serena,calma
S050,familia,Hoy los cambios estuvo pesado; en paz.,calma
S013,familia,Hoy la rutina estuvo pesado; miedo.,ansiedad
S061,docente,Estoy intentando con la evaluación y ilusión.,alegría
S056,familia,No sé cómo manejar la rutina; en paz.,calma
S049,docente,"no sé, estoy intentando con la tarea y frustración. y frustración",frustración
S089,docente,A ratos estoy desanimada; miedo. 😔,ansiedad
S114,docente,Siento que con la comunicacion voy lento; me irrita.,frustración
S088,docente,"o sea, quisiera entender la tarea para estar mejor; esperanza. 🥲",esperanza
S062,familia,"a veces, noo se como manejar la tarea; contenta. y ilusion 😓",alegría
S125,familia,Quisiera entender la evaluacion para estar mejor; serena.,calma
S139,familia,Estoy intentando con la atención y confianza.,esperanza
S003,familia,"siento q, hoy la rutina estuvo pesado; calma.",calma
S093,familia,"Me cansa el descanso, pero sigo; ánimo.",esperanza
S080,docente,"a veces, a ratos estoy tranquila; vacio. y me pone triste",frustración
S030,familia,"la verdad, con la atención me siento serena y confianza. 😓",calma
S120,familia,"Me cansa la atencion, pero sigo; va a mejorar. y confianza",calma
S005,familia,Quisiera entender la atención para estar mejor; miedo. 😓,ansiedad
S084,familia,"no se, siento un nudo por la conducta; tristeza.",tristeza
S120,familia,"mmm, no sé cómo manejar la conducta; va a mejorar. y salida",esperanza
S087,familia,Siento que con la conducta voy lento; me pone triste. 😓,tristeza
S069,familia,"la verdad, hoy la rutina estuvo pesado; me frustra. y me frustra",frustración
S057,familia,"siento que, siento un nudo por la tarea; me emociona. y ilusión",alegría
S105,familia,"o sea, con el descanso me siento contenta y animo.",esperanza
S055,familia,A ratos estoy tensa; me emociona. y me emociona 🥲,alegría
S042,familia,"en fin, me cansa el descanso, pero sigo; miedo. y me preocupa",ansiedad
S100,docente,A ratos estoy tranquila; frustracion.,frustración
S057,familia,"en fin, estoy intentando con la tarea y me duele.",tristeza
S137,familia,"noo sé, estoy intentando con la tarea y en paz. y respiro",calma
S072,familia,"como que, siento que con la evaluación voy lento; en paz. ",calma
S099,familia,"la verdad, quisiera entender la comunicacion para estar mejor; miedo. ",ansiedad
S017,familia,Hoy la comunicacion estuvo pesado; enojo. y frustracion 🥲,frustración
S057,docente,"o sea, siento que con la comunicacion voy lento; tranquila. ",calma
S036,familia,"tal vez, noo se como manejar la tarea; me pone triste.",tristeza
S023,docente,"siento q, con la comunicacion me siento desanimada y va a mejorar. y salida",esperanza
S097,familia,A ratos estoy serena; calma. 🥲,calma
S063,familia,Estoy intentando con la escuela y ilusion. y ilusion,alegría
S150,familia,Hoy las emociones estuvo pesado; animo.,esperanza
S135,familia,"pues, con el descanso me siento desanimada y me duele. y me duele",tristeza
S141,familia,A ratos estoy tensa; respiro.,calma
S113,docente,Siento un nudo por el descanso; me acelero.,ansiedad
S083,familia,Estoy intentando con la rutina y frustración. y frustración,frustración
S075,docente,"como q, siento un nudo por la atencion; serena. y en paz 🥲",calma
S047,docente,"mmm, siento un nudo por la escuela; en paz. y serena",calma
S010,familia,Quisiera entender la atención para estar mejor; ilusión. 🙂,alegría
S067,docente,Siento un nudo por las emociones; me preocupa.,frustración
S073,familia,"o sea, con la rutina me siento agotada y me preocupa.",ansiedad
S119,familia,"a veces, estoy intentando con los cambios y me pone triste.",tristeza
S001,familia,Estoy intentando con la atencion y me frustra. 🙂,frustración
S142,docente,Siento que con la tarea voy lento; me preocupa. y me preocupa 😔,ansiedad
S081,familia,"pues, siento un nudo por la escuela; me acelero. y me preocupa",ansiedad
S025,familia,"o sea, hoy la tarea estuvo pesado; ánimo.",esperanza
S136,docente,No se como manejar la atencion; calma.,calma
S114,familia,No se como manejar las emociones; desespero.,frustración
S018,familia,Quisiera entender las emociones para estar mejor; tranquila.,calma
S079,docente,"tal vez, me cansa la conducta, pero sigo; me preocupa.",ansiedad
S054,familia,"tal vez, con los cambios me siento desanimada y me acelero.",ansiedad
S097,familia,"o sea, me cansa los cambios, pero sigo; calma. y respiro 🥲",calma
S066,familia,"Me cansa la rutina, pero sigo; me preocupa. y nervios",frustración
S034,docente,Siento un nudo por la evaluacion; ilusion. y contenta,alegría
S022,docente,"mmm, quisiera entender la conducta para estar mejor; nervios. y ansiedad ",ansiedad
S132,familia,Hoy la escuela estuvo pesado; me preocupa. ,ansiedad
S048,familia,"la verdad, quisiera entender los cambios para estar mejor; alegría. 😓",alegría
S111,familia,Siento que con el descanso voy lento; animo.,esperanza
S085,familia,"pues, no sé cómo manejar los cambios; ansiedad.",ansiedad
S060,docente,"en fin, me cansa la escuela, pero sigo; me irrita. y me irrita",frustración
S095,familia,Siento un nudo por la escuela; confianza.,alegría
S150,familia,Siento un nudo por la evaluacion; miedo.,ansiedad
